	optimal	mean	sd	median	CI_2.5	CI_97.5
X_0	0.03387418496872221	0.08896740075416801	0.03732258402732584	0.08713790556558818	0.03192247925801493	0.16843272089434141
mu	0.5587933270398149	0.5631220062371824	0.09514379371111162	0.5585277041454847	0.41145642917299335	0.7702357788227134
t_lag	0.2213665850660446	1.8462161395428427	0.4776399727880702	1.915563669089808	0.6054960410402576	2.540371435420654
Glc_q	-6.482737222698643	-6.650614864700422	1.1019253624549386	-6.673005569262763	-8.701444185919556	-4.797133904447341
Glc_M0	14.056140562702538	13.415301202983658	0.28669338824099394	13.425037330981368	12.904689222848871	14.007470527035034
Ace_q	2.5019784352020262	2.5655790555003524	0.4803147358662588	2.5415842630710155	1.7904275606639195	3.623653460899325
Ace_M0	0.19641999255354017	0.4335284620095412	0.1938780463885321	0.44718239396556625	0.004142741669390753	0.7841690580826183
