	optimal	mean	sd	median	CI_2.5	CI_97.5
X_0	0.025550306896401448	0.05399538091705538	0.02234159476146692	0.05124405887106093	0.017533230181511948	0.10457559807329975
mu	0.42568389782467564	0.4473441341551029	0.136130173231037	0.4296834162432809	0.2024696589294999	0.7007725057149441
t_lag	0.2075074096051065	1.9715260447397553	0.366702755005698	1.9337205305397074	1.1819550974644355	2.79116346237133
Glc_q	-6.967276409670399	-7.400599186137456	1.7025536323748132	-7.333744564919938	-10.889926022837715	-4.33266829465921
Glc_M0	14.215589840911303	13.711189674374378	0.23407062586392013	13.70104517728797	13.312080649088774	14.161097920466567
Ace_q	5.151299825647994	5.497384910045489	1.3303094410174057	5.367738087315876	3.419031581468816	8.103224663435794
Ace_M0	1e-06	0.36121722954337476	0.20512537106124792	0.31811644154613583	0.027094453237119488	0.7623941444148168
