	optimal	mean	sd	median	CI_2.5	CI_97.5
X_0	0.024867732601333334	0.02604220048405477	0.011287855766001269	0.02373862535874178	0.008295834089490835	0.05213744268209216
mu	0.6378654185552568	0.6487579594292798	0.08942831997488412	0.6498383202093752	0.48068754567537364	0.8415743924128802
Glc_q	-6.068860561836529	-6.157195219944826	0.9643496603189019	-5.955675449661102	-7.998476984645098	-4.716689743670209
Glc_M0	13.994926875719214	13.991043753499207	0.31949102323531053	13.967820832496518	13.411553404672697	14.630428747368203
Ace_q	2.0144154263660434	2.0442207990628614	0.40401284891230144	2.052627672549173	1.2980935246715406	2.8627858481214896
Ace_M0	0.2140618019971476	0.20806712298140898	0.1690481651089559	0.17593834301065647	1e-06	0.5578862930953524
