	optimal	mean	sd	median	CI_2.5	CI_97.5
X_0	0.01986019050565528	0.019874686881432235	0.0022810624822543575	0.019932475736998606	0.015775461227224154	0.023603618703425783
mu	0.6446554334690323	0.646117485032797	0.023915056509178932	0.6455081194389429	0.6107489837917802	0.6936573366457462
Glc_q	-6.763428702137152	-6.816391216157618	0.4768766097884079	-6.802017482480489	-7.67263958757396	-5.975985644299987
Glc_M0	13.875019733693968	13.898988736778186	0.2548705907208206	13.864022339671365	13.436218488542126	14.383162845378479
Ace_q	2.606238187882394	2.6403783257528075	0.3295845742605013	2.633316970004726	2.065525069116397	3.262276725351306
Ace_M0	0.2670559591175121	0.2443431319914296	0.1760910186614253	0.22833320246307898	1e-06	0.6092508838317289
