	optimal	mean	sd	median	CI_2.5	CI_97.5
X_0	0.01984427759955255	0.019764118589677693	0.002001455245380685	0.019851775901313398	0.015441521536558601	0.023345500458329446
mu	0.6447876450135858	0.6466792647575126	0.02002686317600046	0.6450058854462937	0.6131605972919586	0.6958655147958345
Glc_q	-6.779459905140255	-6.780342439239206	0.3650224871444188	-6.792592596455978	-7.530180270578667	-6.127012676242026
Glc_M0	13.881594137867701	13.84418305549852	0.21321011803506348	13.852288765891428	13.487116239996352	14.280118699632839
Ace_q	2.605191750376502	2.6508047946616125	0.3742614525825232	2.673322594474226	1.9952521297211236	3.2864537019246396
Ace_M0	0.26912074720501233	0.2515332567684556	0.17083922200077323	0.24378532358929345	1e-06	0.6416528177756309
