	optimal	mean	sd	median	CI_2.5	CI_97.5
X_0	0.019838813526963067	0.01980775962843457	0.0021395346218806943	0.019741474506079947	0.015525936366089196	0.02437762890463616
mu	0.6448449723374159	0.6460924847591434	0.02183281945959904	0.6456384545752525	0.6012245966928667	0.6908832213313779
Glc_q	-6.781345632387767	-6.87215854734065	0.3924498903566484	-6.8808642061453185	-7.662464413499757	-6.126672321002876
Glc_M0	13.882442312819528	13.903461757077007	0.22047123969890936	13.912560246243956	13.478297842433722	14.231516733672994
Ace_q	2.6026409975731153	2.5841017915193754	0.3078382654224766	2.586824209316978	1.9255314625437827	3.1482183667944708
Ace_M0	0.2703318675765753	0.2744109692295419	0.18488304579599604	0.26859480162615823	1e-06	0.6063842189615142
