	optimal	mean	sd	median	CI_2.5	CI_97.5
X_0	0.019814169732208287	0.019720238851548624	0.0019275865636105619	0.019710128084620943	0.016395280830913087	0.02335914175728249
mu	0.6450593502215822	0.6473680970336997	0.019232172368682417	0.6484145574654244	0.6114243178348255	0.6861909720678601
Glc_q	-6.803092388976286	-6.800811076664823	0.38889249046684415	-6.786050883635816	-7.624678130779019	-5.981593705358149
Glc_M0	13.890732365168796	13.916575738269971	0.1783101323242387	13.933034996907203	13.506487769136577	14.223745214110856
Ace_q	2.6047194883906553	2.5888737754002613	0.36787385833289843	2.5718528381686134	1.9430459770362543	3.167440888777396
Ace_M0	0.26824844828850425	0.2889832615614992	0.18527434524069847	0.2756783231719496	1e-06	0.6425101837371848
